Label,# Samples,Average,Min,Max,Std. Dev.,Error %,Throughput,Received KB/sec,Sent KB/sec,Avg. Bytes
Remove CSAR,198,4,3,13,1.30,0.000%,.01380,0.00,0.00,226.0
Add CSAR script,198,16,14,23,1.56,0.000%,.01380,0.00,0.00,220.0
Healthcheck,71655,1,0,205,1.39,0.000%,4.97617,1.10,1.14,227.0
Statistics,71652,0,0,85,0.88,0.000%,4.97609,1.57,1.14,323.0
Check Policy Deployed,198,21,16,205,13.29,0.000%,.01380,0.03,0.00,2313.0
CheckPDPGroupQuery,198,234,27,1034,148.16,0.000%,.01381,0.05,0.00,3396.0
Undeploy/Delete Policies,197,12340,10402,16007,1205.91,0.000%,.01379,17.94,0.00,1332213.2
CheckPDPGroupQueryForDeletedPolicy,197,185,109,734,84.16,0.000%,.01380,0.04,0.00,2756.0
TOTAL,144493,18,0,16007,457.65,0.000%,10.03406,20.59,2.29,2101.3
